category_code,category_path,depth,kind,category_name,assigned_now
PURCHASED_ENERGY,PURCHASED_ENERGY,0,branch,Purchased Energy,0
PRODUCTION,PURCHASED_ENERGY/PRODUCTION,1,branch,Production,0
FABRIC,PURCHASED_ENERGY/PRODUCTION/FABRIC,2,branch,Fabric,0
AJL,PURCHASED_ENERGY/PRODUCTION/FABRIC/AJL,3,leaf,AJL,2
BEAM,PURCHASED_ENERGY/PRODUCTION/FABRIC/BEAM,3,leaf,Beam,2
GARUK,PURCHASED_ENERGY/PRODUCTION/FABRIC/GARUK,3,leaf,Garuk,3
LAB,PURCHASED_ENERGY/PRODUCTION/FABRIC/LAB,3,leaf,Lab,1
PACKING,PURCHASED_ENERGY/PRODUCTION/FABRIC/PACKING,3,leaf,Packing,1
PKN,PURCHASED_ENERGY/PRODUCTION/FABRIC/PKN,3,leaf,PKN,1
PKR,PURCHASED_ENERGY/PRODUCTION/FABRIC/PKR,3,leaf,PKR,1
PRESS,PURCHASED_ENERGY/PRODUCTION/FABRIC/PRESS,3,leaf,Press,1
RAINCOAT,PURCHASED_ENERGY/PRODUCTION/FABRIC/RAINCOAT,3,leaf,Raincoat,1
RAPID,PURCHASED_ENERGY/PRODUCTION/FABRIC/RAPID,3,leaf,Rapid,1
TRICOT,PURCHASED_ENERGY/PRODUCTION/FABRIC/TRICOT,3,leaf,Tricot,2
WJL,PURCHASED_ENERGY/PRODUCTION/FABRIC/WJL,3,leaf,WJL,4
WSBC,PURCHASED_ENERGY/PRODUCTION/FABRIC/WSBC,3,leaf,WSBC,2
YARN,PURCHASED_ENERGY/PRODUCTION/YARN,2,branch,Yarn,0
HEATER,PURCHASED_ENERGY/PRODUCTION/YARN/HEATER,3,leaf,Heater,7
MC_MOTOR,PURCHASED_ENERGY/PRODUCTION/YARN/MC_MOTOR,3,leaf,MC Motor,10
REWINDING,PURCHASED_ENERGY/PRODUCTION/YARN/REWINDING,3,leaf,Rewinding,1
SPINNING,PURCHASED_ENERGY/PRODUCTION/YARN/SPINNING,3,leaf,Spinning,7
TWISTING,PURCHASED_ENERGY/PRODUCTION/YARN/TWISTING,3,leaf,Twisting,4
UTILITIES,PURCHASED_ENERGY/UTILITIES,1,branch,Utilities,0
BOILER,PURCHASED_ENERGY/UTILITIES/BOILER,2,leaf,Boiler,2
COMPRESSOR,PURCHASED_ENERGY/UTILITIES/COMPRESSOR,2,leaf,Compressor,9
HVAC,PURCHASED_ENERGY/UTILITIES/HVAC,2,leaf,HVAC,7
LIGHTING,PURCHASED_ENERGY/UTILITIES/LIGHTING,2,leaf,Lighting,1
WTP,PURCHASED_ENERGY/UTILITIES/WTP,2,leaf,WTP,2
