node_code,node_name,node_class,fed_by,meters,children,proposed_type
AHU_10_11,AHU 10-11,LOAD,AJL2,0,0,AHU
HVAC_AHU,HVAC AHU 1 & 2,LOAD,LVMDB_TEXTURE/LVMDB_TEXTURE_2,9,0,AHU
HVAC_CHILLER1,HVAC Chiller 1,LOAD,LVMDP_SPINNING_1,9,0,AHU
HVAC_CHILLER2,HVAC Chiller 2,LOAD,LVMDP_SPINNING_1,9,0,AHU
AHU_LINE3,AHU Line 3,LOAD,LVMDP_SPINNING_3,9,0,AHU
AHU_LINE1,AHU Line 1,LOAD,LVSDP_SP2_2,9,0,AHU
AHU_LINE2,AHU Line 2,LOAD,LVSDP_SP2_2,9,0,AHU
AHU_14,AHU 14,LOAD,TRICOT,0,0,AHU
AHU_12_13,AHU 12-13,LOAD,WARPING,0,0,AHU
AHU_4_7,AHU_4_7,LOAD,WJL1,0,0,AHU
AHU_2_3,AHU_2_3,LOAD,WJL3,0,0,AHU
AIR_DRYER,Air Dryer,LOAD,LVMDB_A5,9,0,AIR_COMPRESSOR (class change)
COMP_300HP,Compressor 300 HP,LOAD,LVMDB_A5,0,0,AIR_COMPRESSOR (class change)
COMP_400HP,Compressor 400 HP,LOAD,LVMDB_A5,0,0,AIR_COMPRESSOR (class change)
WJL2,WJL2,LOAD,LVMDB_A1,9,0,GENERIC_LOAD
WJL4,WJL4,LOAD,LVMDB_A1,9,0,GENERIC_LOAD
AJL1,AJL1,LOAD,LVMDB_A2,9,0,GENERIC_LOAD
OFFICE,Office RND,LOAD,LVMDB_A2,0,0,GENERIC_LOAD
WORKSHOP,Workshop,LOAD,LVMDB_A4,9,0,GENERIC_LOAD
LAB_DEVICE,Laboratorium,LOAD,LVMDB_B2,9,0,GENERIC_LOAD
LABKNIT,Lab Knitting,LOAD,LVMDB_TEXTURE/LVMDB_TEXTURE_2,0,0,GENERIC_LOAD
OFFICE_2,Office TF630kv,LOAD,LVMDB_TF630,0,0,GENERIC_LOAD
FLR_124,"Work Panel Fl. 1, 2, 4",LOAD,LVMDP_SPINNING_1,0,0,GENERIC_LOAD
LIGHT_INT_1,Lighting at Interlace - 1,LOAD,COMP_INTERLACE,0,0,LIGHTING
LIGHT_INT_2,Lighting at Interlace - 2,LOAD,COMP_INTERLACE,0,0,LIGHTING
LIGHTING_MAIN,Lighting Main,LOAD,LVMDB_TF630,9,0,LIGHTING
HEATER_1,Heater MC 1,LOAD,HEATER_TOTAL,9,0,PROCESS_HEATER
HEATER_10,Heater MC 10,LOAD,HEATER_TOTAL,9,0,PROCESS_HEATER
HEATER_11,Heater MC11,LOAD,HEATER_TOTAL,9,0,PROCESS_HEATER
HEATER_2,Heater MC 2,LOAD,HEATER_TOTAL,9,0,PROCESS_HEATER
HEATER_3,Heater MC 3,LOAD,HEATER_TOTAL,9,0,PROCESS_HEATER
HEATER_4,Heater MC 4,LOAD,HEATER_TOTAL,9,0,PROCESS_HEATER
HEATER_5,Heater MC 5,LOAD,HEATER_TOTAL,0,0,PROCESS_HEATER
HEATER_6,Heater MC 6,LOAD,HEATER_TOTAL,0,0,PROCESS_HEATER
HEATER_7,Heater MC 7,LOAD,HEATER_TOTAL,9,0,PROCESS_HEATER
HEATER_8,Heater MC 8,LOAD,HEATER_TOTAL,9,0,PROCESS_HEATER
DRYER_INT_1,"Dryer Interlace 1, 2, 3",LOAD,COMP_WINDER,0,0,PRODUCTION_MACHINE
GARUK,GARUK,LOAD,FINISHING_22,0,0,PRODUCTION_MACHINE
SIPPA,SIPPA,LOAD,FINISHING_22,9,0,PRODUCTION_MACHINE
PKN_DEVICE,PKN,LOAD,LVMDB_A1,9,0,PRODUCTION_MACHINE
SIZING,Sizing,LOAD,LVMDB_A2,9,0,PRODUCTION_MACHINE
CELUP_1A,Celup 1A,LOAD,LVMDB_B2,9,0,PRODUCTION_MACHINE
CELUP_1B,Celup 1B,LOAD,LVMDB_B2,9,0,PRODUCTION_MACHINE
CELUP_2,Celup 2,LOAD,LVMDB_B2,9,0,PRODUCTION_MACHINE
CELUP_3,Celup 3,LOAD,LVMDB_B2,9,0,PRODUCTION_MACHINE
FINISHING_1,Finishing 1,LOAD,LVMDB_B2,9,0,PRODUCTION_MACHINE
FINISHING_21,Finishing 2.1,LOAD,LVMDB_B2,9,0,PRODUCTION_MACHINE
PACKING_DEVICE,Packing,LOAD,LVMDB_B2,9,0,PRODUCTION_MACHINE
RAINCOAT_DEVICE,Raincoat,LOAD,LVMDB_B2,9,0,PRODUCTION_MACHINE
MC_MOTOR_1,MC 1,LOAD,LVMDB_TEXTURE/LVMDB_TEXTURE_2,9,0,PRODUCTION_MACHINE
MC_MOTOR_10,MC 10,LOAD,LVMDB_TEXTURE/LVMDB_TEXTURE_2,9,0,PRODUCTION_MACHINE
MC_MOTOR_11,MC 11,LOAD,LVMDB_TEXTURE/LVMDB_TEXTURE_2,9,0,PRODUCTION_MACHINE
MC_MOTOR_12,MC 12,LOAD,LVMDB_TEXTURE/LVMDB_TEXTURE_2,9,0,PRODUCTION_MACHINE
MC_MOTOR_2,MC 2,LOAD,LVMDB_TEXTURE/LVMDB_TEXTURE_2,9,0,PRODUCTION_MACHINE
MC_MOTOR_3,MC 3,LOAD,LVMDB_TEXTURE/LVMDB_TEXTURE_2,9,0,PRODUCTION_MACHINE
MC_MOTOR_4,MC 4,LOAD,LVMDB_TEXTURE/LVMDB_TEXTURE_2,9,0,PRODUCTION_MACHINE
MC_MOTOR_5,MC 5,LOAD,LVMDB_TEXTURE/LVMDB_TEXTURE_2,9,0,PRODUCTION_MACHINE
MC_MOTOR_6,MC 6,LOAD,LVMDB_TEXTURE/LVMDB_TEXTURE_2,0,0,PRODUCTION_MACHINE
MC_MOTOR_7,MC 7,LOAD,LVMDB_TEXTURE/LVMDB_TEXTURE_2,9,0,PRODUCTION_MACHINE
MC_MOTOR_8,MC 8,LOAD,LVMDB_TEXTURE/LVMDB_TEXTURE_2,9,0,PRODUCTION_MACHINE
MC_MOTOR_9,MC 9,LOAD,LVMDB_TEXTURE/LVMDB_TEXTURE_2,9,0,PRODUCTION_MACHINE
MC303_1_9,MC303(1-9),LOAD,LVMDP_SPINNING_1,9,0,PRODUCTION_MACHINE
MC_ATY,MC ATY,LOAD,LVMDP_SPINNING_1,9,0,PRODUCTION_MACHINE
MC_SP_B,MC SP Line B,LOAD,LVSDP_SP2_1,0,0,PRODUCTION_MACHINE
MC_SP_C,MC SP Line C,LOAD,LVSDP_SP2_1,0,0,PRODUCTION_MACHINE
MC_SP_D,MC SP Line D,LOAD,LVSDP_SP2_1,9,0,PRODUCTION_MACHINE
MC_SP_H,MC SP Line H,LOAD,LVSDP_SP2_1,9,0,PRODUCTION_MACHINE
MC_SP_I,MC SP Line I,LOAD,LVSDP_SP2_1,9,0,PRODUCTION_MACHINE
MC_SP_J,MC SP Line J,LOAD,LVSDP_SP2_1,9,0,PRODUCTION_MACHINE
MC_SP_A,MC SP Line A,LOAD,LVSDP_SP2_2,0,0,PRODUCTION_MACHINE
MC_SP_E,MC SP Line E,LOAD,LVSDP_SP2_2,9,0,PRODUCTION_MACHINE
MC_SP_F,MC SP Line F,LOAD,LVSDP_SP2_2,9,0,PRODUCTION_MACHINE
MC_SP_G,MC SP Line G,LOAD,LVSDP_SP2_2,9,0,PRODUCTION_MACHINE
MC_302_9_11,MC302 (9-11),LOAD,MC_RWD,9,0,PRODUCTION_MACHINE
MC_MOTOR_13,MC 13,LOAD,MDP_MC_13,9,0,PRODUCTION_MACHINE
TRICOT1,MC Tricoat 1,LOAD,TRICOT,9,0,PRODUCTION_MACHINE
TRICOT2,MC Tricoat 2,LOAD,TRICOT,9,0,PRODUCTION_MACHINE
MC302_1_8,MC302(1-8),LOAD,TWIST_PANEL,9,0,PRODUCTION_MACHINE
PUMP_COOL_WND,Pump Exhaust Fan Cooling Tower Winder,LOAD,COMP_WINDER,0,0,PUMP
COOLING1,Cooling Tower A2,LOAD,LVMDB_A2,0,0,PUMP
COOLING2,Cooling Tower A4,LOAD,LVMDB_A4,0,0,PUMP
WJL3,WJL3,LOAD,LVMDB_A1,9,1,SUB_BOARD (class change)
HEATER_TOTAL,Heater Total,LOAD,LVMDB_TEXTURE/LVMDB_TEXTURE_2,9,10,SUB_BOARD (class change)
MDP_MC_13,MDP MC 13,LOAD,LVMDB_TEXTURE/LVMDB_TEXTURE_2,9,1,SUB_BOARD (class change)
WTP1_ATY,WTP-1 ATY,LOAD,,0,1,WATER_PROCESS
WTP1_IPAL,WTP-1 IPAL,LOAD,,0,0,WATER_PROCESS
WTP1_OVR,WTP-1 Overflow TBio,LOAD,,0,0,WATER_PROCESS
WTP1_REUSE,WTP-1 Reuse to TRain,LOAD,,0,0,WATER_PROCESS
WTP1_SPN,WTP-1 Spinning,LOAD,,0,1,WATER_PROCESS
WTP1_WJL_REC,WTP-1 Recycle WJL,LOAD,,0,0,WATER_PROCESS
WTP1_WVN,WTP-1 Weaving,LOAD,,0,1,WATER_PROCESS
WTP2_BEAM,WTP-2 Beam Process,LOAD,,0,1,WATER_PROCESS
WTP2_IPAL,WTP-2 IPAL,LOAD,,0,0,WATER_PROCESS
WTP2_PROC,WTP-2 Processing,LOAD,,0,1,WATER_PROCESS
WTP2_RPD,WTP-2 Rapid Process,LOAD,,0,1,WATER_PROCESS
WWTP,WWTP,LOAD,FINISHING_22,9,0,PUMP
WTP_1,WTP 1,LOAD,LVMDB_B2,9,0,PUMP
WTP_2,WTP 2,LOAD,LVMDB_TF630,9,0,PUMP
MC302_BARU,MC302 Baru,LOAD,,9,0,PRODUCTION_MACHINE
MC303_BARU,MC303 Baru,LOAD,,9,0,PRODUCTION_MACHINE
