tenant_id,node_code,node_name,node_class,fed_by,in_utility,edge_class,device_ids,attrs_json,effective_from,effective_to,notes,
3,RAW_WATER_WTP1,Raw Water WTP-1,SOURCE,,WATER,PIPE,,,,,P&ID WTP-1: RAW WATER via PumpIntake-1. CHECK: may be the same intake as RAW_WATER_WTP2,
3,TANDON_HUJAN,Tandon Hujan,SOURCE,,WATER,PIPE,,,,,"P&ID WTP-1: rainwater tandon, pumped into the raw header via FT no-264 + FT no-198. LOOP CUT: the P&ID also feeds it FROM Tandon Biologis; see notes on TANDON_BIOLOGIS",
3,RAW_HEADER_WTP1,Raw Water Header WTP-1,BUS,RAW_WATER_WTP1;TANDON_HUJAN,WATER,PIPE,,,,,"INFERRED node: unlabelled pipe junction at (1308,275) where both intakes meet. is_passthrough candidate",
3,CLARIFIER_WTP_1,Clarifier WTP 1,CONVERSION,RAW_HEADER_WTP1#95,WATER,PIPE,,,,,P&ID WTP-1: FT tagged ID 95 -- matches device 95 FLO-02 Clarifier WTP 1. CONFIRMED,
3,TANK_SOFTENER_1,Tank Softener-1,STORAGE,CLARIFIER_WTP_1#97,WATER,PIPE,,,,,"P&ID WTP-1: FT tagged **ID 94**, but device 94 is MAIN-PLN, a POWER meter. Proposed 97 (FLO-01 'Flow Meter Softener 1'). CONFIRM BEFORE IMPORT",
3,TANK_SOFTENER_2,Tank Softener-2,STORAGE,CLARIFIER_WTP_1,WATER,PIPE,,,,,"P&ID WTP-1: FT no-218 on this pipe carries no printed ID -- position exists, no device",
3,SOFT_WATER_WTP1,Soft Water Header WTP-1,BUS,TANK_SOFTENER_1;TANK_SOFTENER_2,WATER,PIPE,,,,,P&ID WTP-1: labelled SOFT WATER WTP-1. is_passthrough candidate,
3,WEAVING,Weaving,LOAD,SOFT_WATER_WTP1,WATER,PIPE,,,,,"P&ID WTP-1: FT no-227, no printed ID",
3,SPINNING,Spinning,LOAD,SOFT_WATER_WTP1,WATER,PIPE,,,,,"P&ID WTP-1: FT no-230, no printed ID",
3,RECYCLE_WJL,Recycle WJL,STORAGE,WEAVING,WATER,PIPE,,,,,"P&ID WTP-1: FT no-243, no printed ID. Also shown overflowing to Sungai",
3,ATY_WATER,ATY,LOAD,SPINNING,WATER,PIPE,,,,,"P&ID WTP-1: FT no-237, no printed ID. Electricity node for the same area is MC_ATY -- different node, different utility path",
3,TANDON_BIOLOGIS,Tandon Biologis,STORAGE,RECYCLE_WJL;ATY_WATER,WATER,PIPE,,,,,"P&ID WTP-1: on the drawing this ALSO returns to TANDON_HUJAN via FT no-252, closing a recycle loop. Edge omitted to keep the graph acyclic -- see design doc S13",
3,IPAL,IPAL,LOAD,TANDON_BIOLOGIS,WATER,PIPE,,,,,"P&ID WTP-1 and WTP-2 both show an IPAL -- TIE POINT, same node in both sheets. FT no-252 sits on this pipe with no printed ID",
3,SUNGAI,Sungai (river discharge),LOAD,RECYCLE_WJL,WATER,PIPE,,,,,"P&ID WTP-1: labelled 'overflow' -> 'Sungai'. Discharge, not consumption",
