tenant_id,node_code,node_name,node_class,is_passthrough,fed_by,in_utility,edge_class,device_ids,attrs_json,effective_from,effective_to,notes,
3,WTP1_IN_1,WTP-1 Intake 1,SOURCE,,,WATER,PIPE,,,,,,
3,WTP1_IN_2,WTP-1 Intake 2,SOURCE,,,WATER,PIPE,,,,,,
3,WTP1_RAW,WTP-1 Raw Water,STORAGE,TRUE,WTP1_IN_1;WTP1_IN_2;WTP1_RAN,WATER,PIPE,,,,,,
3,WTP1_RAN,WTP-1 Tandon Air Hujan,SOURCE,,,WATER,PIPE,,,,,,
3,WTP1_CLR,WTP-1 Clarifier,CONVERSION,,WTP1_RAW#95,WATER,PIPE,,,,,Flow meter dev 95 (FLO-02) on the Raw Water -> Clarifier pipe: edge-attached,
3,WTP1_SOFT_1,WTP-1 Softener 1,CONVERSION,TRUE,WTP1_CLR#97,WATER,PIPE,,,,,"Flow meter dev 97 (FLO-01) on the Clarifier -> Softener 1 pipe: edge-attached. WARNING dev 97 register is stuck at -42459, meter dead/stopped",
3,WTP1_SOFT_2,WTP-1 Softener 2,CONVERSION,TRUE,WTP1_CLR,WATER,PIPE,,,,,,
3,WTP1_SOFT,WTP-1 Soft Water Tank,STORAGE,TRUE,WTP1_SOFT_1;WTP1_SOFT_2,WATER,PIPE,,,,,,
3,WTP1_WVN,WTP-1 Weaving,LOAD,,WTP1_SOFT,WATER,PIPE,,,,,,
3,WTP1_WJL_REC,WTP-1 Recycle WJL,LOAD,,WTP1_WVN,WATER,PIPE,,,,,,
3,WTP1_SPN,WTP-1 Spinning,LOAD,,WTP1_SOFT,WATER,PIPE,,,,,,
3,WTP1_ATY,WTP-1 ATY,LOAD,,WTP1_SOFT,WATER,PIPE,,,,,,
3,WTP1_BIO,WTP-1 Tandon Biologis,STORAGE,TRUE,WTP1_SPN;WTP1_ATY,WATER,PIPE,,,,,,
3,WTP1_OVR,WTP-1 Overflow TBio,LOAD,,WTP1_BIO,WATER,PIPE,,,,,,
3,WTP1_IPAL,WTP-1 IPAL,LOAD,,WTP1_BIO,WATER,PIPE,,,,,,
3,WTP1_REUSE,WTP-1 Reuse to TRain,LOAD,,WTP1_BIO,WATER,PIPE,,,,,"Avoiding cycle, return to tandon air hujan is treated as a `Load`",
3,WTP2_IN_1,WTP-2 Intake 1,SOURCE,,,WATER,PIPE,,,,,,
3,WTP2_IN_2,WTP-2 Intake 2,SOURCE,,,WATER,PIPE,,,,,,
3,WTP2_RAW,WTP-2 Raw Water,STORAGE,TRUE,WTP2_IN_1;WTP2_IN_2,WATER,PIPE,,,,,,
3,WTP2_CLR,WTP-2 Clarifier,CONVERSION,,WTP2_RAW#96,WATER,PIPE,,,,,Flow meter dev 96 (FLO-03) on the Raw Water -> Clarifier pipe: edge-attached,
3,WTP2_SOFT_3,WTP-2 Softener 3,CONVERSION,TRUE,WTP2_CLR#164,WATER,PIPE,,,,,Flow meter dev 164 (FLO-04) on the Clarifier -> Softener 3 pipe: edge-attached. WARNING dev 164 has stopped reporting,
3,WTP2_SOFT_4,WTP-2 Softener 4,CONVERSION,TRUE,WTP2_CLR#165,WATER,PIPE,,,,,Flow meter dev 165 (FLO-05) on the Clarifier -> Softener 4 pipe: edge-attached,
3,WTP2_SOFT_5,WTP-2 Softener 5,CONVERSION,TRUE,WTP2_CLR#166,WATER,PIPE,,,,,Flow meter dev 166 (FLO-06) on the Clarifier -> Softener 5 pipe: edge-attached,
3,WTP2_SOFT,WTP-2 Soft Water Tank,STORAGE,TRUE,WTP2_SOFT_3;WTP2_SOFT_4;WTP2_SOFT_5,WATER,PIPE,,,,,,
3,WTP2_RO_TANK,WTP-2 RO Tank,STORAGE,TRUE,WTP2_SOFT,WATER,PIPE,,,,,,
3,WTP2_RO_PROC,WTP-2 RO Process,CONVERSION,,WTP2_RO_TANK,WATER,PIPE,,,,,,
3,BOILER_MIURA,Boiler Miura,CONVERSION,,WTP2_RO_PROC,WATER,PIPE,,,,,"Cross-utility tie point: SAME NODE as BOILER_MIURA in graph-seed-v1.csv (ELECTRICITY, device 8). Importer merges on (tenant_id,node_code). Water in -> steam out: the boiler is where water leaves the WATER graph. was WTP2_MIURA",
3,WTP2_PROC,WTP-2 Processing,LOAD,,WTP2_SOFT,WATER,PIPE,,,,,,
3,WTP2_HW_1,WTP-2 Hot Water Tank 1,STORAGE,TRUE,WTP2_PROC,WATER,PIPE,,,,,,
3,WTP2_BEAM,WTP-2 Beam Process,LOAD,,WTP2_HW_1,WATER,PIPE,,,,,,
3,WTP2_HW_2,WTP-2 Hot Water Tank 2,STORAGE,TRUE,WTP2_HW_1,WATER,PIPE,,,,,,
3,WTP2_RPD,WTP-2 Rapid Process,LOAD,,WTP2_HW_2,WATER,PIPE,,,,,,
3,WTP2_EQL,WTP-2 Equalized Tank,STORAGE,TRUE,WTP2_BEAM;WTP2_RPD,WATER,PIPE,,,,,,
3,WTP2_REACT,WTP-2 Reaction Tank,CONVERSION,,WTP2_EQL,WATER,PIPE,,,,,,
3,WTP2_DEL,WTP-2 Delivery Tank,STORAGE,TRUE,WTP2_REACT,WATER,PIPE,,,,,,
3,WTP2_IPAL,WTP-2 IPAL,LOAD,,WTP2_DEL,WATER,PIPE,,,,,,
