code,node_class,nodes,current,proposed,basis,notes
AIR_COMPRESSOR,CONVERSION,22,Electricity to compressed air.,"Converts electricity into compressed air. Fed by a board over SUPPLY_LV. Where the air network is not modelled (no AIR edges), the graph shows only its electrical consumption, not the air it delivers. Air dryers and other air-treatment equipment are not compressors.",ONTOLOGY;GRAPH,"Tenant 3: no AIR edges, so every compressor is effectively an electrical load. AIR_DRYER is typed here on purpose though wrong (edge-type.md §9); the last sentence is the warning. 7 of 22 metered."
BOILER,CONVERSION,1,Fuel to steam.,"Produces steam from fuel, recorded in fuel when known. Its electrical feed supplies auxiliaries (pumps, fans, controls), not the energy that raises the steam. Takes treated feed water from the water graph. Its steam output is not modelled until the STEAM utility has edges, and its fuel input is not metered in the graph.",ONTOLOGY;GRAPH;OPEN,"BOILER_MIURA: SUPPLY_LV in, RO water in, fuel not recorded. If an electric (electrode) boiler is ever added it needs its own type: the electrical feed would then be the steam energy."
AHU,LOAD,11,Air handling unit.,"Air handling unit: fans, coils and filters conditioning air for a space or process area. An electrical load. Other HVAC plant such as chillers may be typed here until it has a type of its own, so a node typed AHU is not necessarily a single air handler; check its name.",ONTOLOGY;GRAPH,"HVAC_CHILLER1 and HVAC_CHILLER2 are typed AHU; HVAC_AHU covers AHU 1 & 2, AHU_10_11 etc. cover two or more units. CHILLER is a justified type (type-property.md, 'When a new type is justified')."
GENERIC_LOAD,LOAD,9,A load not yet classified further.,"Holding type for a load whose kind has not been identified: offices, laboratories, workshops, mixed work panels, or equipment awaiting typing. Being typed GENERIC_LOAD says nothing about what the load is; do not infer its kind from it. Which area or process it serves, if known, is its category.",ONTOLOGY;OPEN,"Includes AJL1, WJL2, WJL4 (air-jet and water-jet looms by name), which look like PRODUCTION_MACHINE; retyping is a separate decision for the site."
LIGHTING,LOAD,3,Lighting load.,"Lighting circuits. An electrical load; a node stands for a lighting panel or group of circuits, not a single luminaire.",ONTOLOGY;GRAPH,LIGHTING_MAIN and two Interlace lighting panels; 1 of 3 metered.
PRODUCTION_MACHINE,LOAD,42,Process machinery.,"Production equipment on a line. A node may be a single machine or a machine panel feeding several machines; the graph does not record which. Do not infer a number of machines from a number of nodes, and do not compare one node's consumption with another's as if both were single machines. Which process a node serves (spinning, weaving, dyeing) is its category, not its type.",ONTOLOGY;OPEN,"Provisional, not abstract (type-property.md, 'When a new type is justified'). Future subtypes: MACHINE_PANEL, MACHINE_<process> where the physics differs. Names mix machines (TRICOT1) and panels (MC302_1_8, MC_SP_A, DRYER_INT_1 'Dryer Interlace 1, 2, 3')."
PUMP,LOAD,6,Pump load.,"Electrically driven pumping: water supply and transfer, cooling-water circulation and similar. A node may be one pump or the electrical feed of a plant whose load is mostly pumping, such as a water treatment plant or a cooling tower with its fans. It is on the electrical graph only; the water it moves is on the water graph, which is not linked to it.",ONTOLOGY;GRAPH,"WTP_1, WTP_2 and WWTP are the water plants' electrical feeds; COOLING1, COOLING2 are cooling towers. The electrical and water graphs share no edges."
GAS_ENGINE,SOURCE,1,Reciprocating gas engine generator.,"Reciprocating engine generator running on gas (fuel recorded in fuel). Feeds one or more main LV boards over GENERATOR_INFEED, alongside their transformer supply. Its fuel input is not modelled; on the electrical graph it is a source of the energy it feeds into the boards.",ONTOLOGY;GRAPH,"Tenant 3: feeds LVMDB_A1, A2, A3; fuel NATURAL_GAS; not metered on its own node."
WATER_INTAKE,SOURCE,5,Raw water entering the site.,"Where raw water enters the site's water graph. A node may be a deep well, the municipal supply (PDAM), a river intake or rainwater collection; the graph does not record which. Do not state the source of an intake unless its name or attributes say so. An intake may also receive recycled water re-entering from a RECYCLE_CUT, so its inflow is not necessarily all raw water.",ONTOLOGY;GRAPH;OPEN,"Provisional, not abstract. Future subtypes WATER_INTAKE_WELL, WATER_INTAKE_PDAM etc. WTP1_RAN is 'Tandon Air Hujan' (rainwater tank), and WTP1_REUSE re-enters there (reenters_at), hence rainwater and the last sentence."
CAPACITOR_BANK,STORAGE,11,Power factor correction bank.,"Power factor correction bank on a board, joined to it by a PF_COMPENSATION edge. It carries no energy and the solver skips it: its effect shows as lower reactive energy on its board. Not metered on its own. Classed STORAGE because it exchanges reactive energy with the network each cycle; it is not a load. pf_report.py needs its rated_kvar, step_kvar, control, target_pf and site_status.",ONTOLOGY;GRAPH,From graph-network-design.md (COMPENSATION) and 024/026. 0 of 11 metered.
WATER_TANK,STORAGE,11,Stored water.,"Holds water between stages: raw, soft, RO, hot, delivery, equalisation or recycle water. What flows in and out over a period differs by the change in stored volume, which the graph does not record, so a tank's balance need not close over short periods.",ONTOLOGY;GRAPH,Tenant 3 tanks are WTP1_* and WTP2_*; none metered; volume_m3 OPTIONAL and unset.
CLARIFIER,TREATMENT,2,Settling stage.,"Settling stage that removes suspended solids from raw water. Sits between a raw-water tank and the softeners. Not metered on its own; flow through it is inferred from the meters around it. Water lost with the sludge is not modelled.",ONTOLOGY;GRAPH,WTP1_CLR and WTP2_CLR.
REACTION_TANK,TREATMENT,1,Chemical dosing and reaction stage.,"Chemical dosing and reaction stage, such as coagulation or pH adjustment. Its output may return to a tank rather than flow on to the next stage.",ONTOLOGY;GRAPH,WTP2_REACT: in from a tank; out by WATER_RETURN to a tank.
RO_UNIT,TREATMENT,1,Reverse osmosis stage.,"Reverse-osmosis stage producing low-salt water, for example boiler feed water. Part of its inflow leaves as concentrate (reject), which is not modelled, so its outflow is less than its inflow.",ONTOLOGY;GRAPH,WTP2_RO_PROC feeds BOILER_MIURA.
SOFTENER,TREATMENT,5,Ion-exchange hardness removal.,"Ion-exchange stage removing hardness (calcium and magnesium). Several usually run in parallel. Water used to regenerate the resin is not modelled.",ONTOLOGY;GRAPH,"WTP1_SOFT_1, _2 and WTP2_SOFT_3 to _5, each fed by a clarifier."
