quantity_id,quantity_name,code,unit,reading,unit_basis,description
62,Apparent Energy Delivered + Received,APPARENT_ENERGY_DEL_PLUS_REC,kVAh,COUNTER,DATA,"Lifetime apparent energy in both directions; equals APPARENT_ENERGY_DELIVERED plus APPARENT_ENERGY_RECEIVED. Not additive across meters: a board's apparent energy is not the sum of its feeders'."
89,Reactive Energy Delivered,REACTIVE_ENERGY_DELIVERED,kVArh,COUNTER,DATA,"Lifetime reactive energy in the meter's forward direction, normally from supply to load. Conserved: the flow solver sums it through the network, and with ACTIVE_ENERGY_DELIVERED it gives the derived power factor PF_TRUE."
95,Reactive Energy Delivered-Received,REACTIVE_ENERGY_NET,kVArh,COUNTER,DATA,"Lifetime net reactive energy kept by the meter, delivered minus received. Tracks REACTIVE_ENERGY_DELIVERED minus REACTIVE_ENERGY_RECEIVED but not exactly. One meter writes 92233720368547760 when the register is invalid; discard that value."
96,Reactive Energy Received,REACTIVE_ENERGY_RECEIVED,kVArh,COUNTER,DATA,"Lifetime reactive energy against the meter's forward direction: leading reactive energy, typically from capacitor banks overcompensating, or a source exporting."
124,Active Energy Delivered,ACTIVE_ENERGY_DELIVERED,kWh,COUNTER,DATA,"Lifetime active energy in the meter's forward direction, normally from supply to load. The plant's energy consumption: conserved, summed through the network by the flow solver, and the basis of cost reporting. Consumption over a period is the counter's increase."
130,Active Energy Delivered-Received,ACTIVE_ENERGY_NET,kWh,COUNTER,DATA,"Lifetime net active energy, delivered minus received. A redundant register of ACTIVE_ENERGY_DELIVERED (graph.quantity_alias): never use both, or the energy counts twice. One meter writes 92233720368547760 when the register is invalid; discard that value."
131,Active Energy Received,ACTIVE_ENERGY_RECEIVED,kWh,COUNTER,DATA,"Lifetime active energy against the meter's forward direction, i.e. exported. An increase means the node exported in that period, or the meter is installed reversed."
179,Reactive Power,REACTIVE_POWER,kVAr,SAMPLE,DATA,"Total reactive power over the three phases. Positive is lagging (inductive load), negative leading (capacitive)."
183,Reactive Energy Delivered + Received,REACTIVE_ENERGY_DEL_PLUS_REC,kVArh,COUNTER,DATA,"Lifetime reactive energy in both directions; equals REACTIVE_ENERGY_DELIVERED plus REACTIVE_ENERGY_RECEIVED."
185,Active Power,ACTIVE_POWER,kW,SAMPLE,DATA,"Total active power over the three phases. Positive is consumption in the meter's forward direction; negative means the node is exporting at that moment."
190,Active Energy Delivered+Received,ACTIVE_ENERGY_DEL_PLUS_REC,kWh,COUNTER,DATA,"Lifetime active energy in both directions; equals ACTIVE_ENERGY_DELIVERED plus ACTIVE_ENERGY_RECEIVED, so the same as delivered while nothing exports. Use ACTIVE_ENERGY_DELIVERED for consumption."
471,Apparent Energy Received,APPARENT_ENERGY_RECEIVED,kVAh,COUNTER,DATA,"Lifetime apparent energy against the meter's forward direction. Not additive across meters."
481,Apparent Energy Delivered,APPARENT_ENERGY_DELIVERED,kVAh,COUNTER,DATA,"Lifetime apparent energy in the meter's forward direction. Not additive across meters: loads at different power factors do not add their kVAh linearly, so a board's apparent energy is derived from its summed active and reactive energy, never summed from its feeders."
501,Current Phase A,CURRENT_A,A,SAMPLE,DATA,"RMS current on phase A."
502,Current Phase B,CURRENT_B,A,SAMPLE,NAME,"RMS current on phase B."
503,Current Phase C,CURRENT_C,A,SAMPLE,NAME,"RMS current on phase C."
504,Active Power Phase A,ACTIVE_POWER_A,kW,SAMPLE,NAME,"Active power on phase A. Negative means export on that phase."
505,Active Power Phase B,ACTIVE_POWER_B,kW,SAMPLE,NAME,"Active power on phase B. Negative means export on that phase."
506,Active Power Phase C,ACTIVE_POWER_C,kW,SAMPLE,NAME,"Active power on phase C. Negative means export on that phase."
507,Reactive Power Phase A,REACTIVE_POWER_A,kVAr,SAMPLE,NAME,"Reactive power on phase A. Positive lagging, negative leading."
508,Reactive Power Phase B,REACTIVE_POWER_B,kVAr,SAMPLE,NAME,"Reactive power on phase B. Positive lagging, negative leading."
509,Reactive Power Phase C,REACTIVE_POWER_C,kVAr,SAMPLE,NAME,"Reactive power on phase C. Positive lagging, negative leading."
510,Apparent Power Phase A,APPARENT_POWER_A,kVA,SAMPLE,DATA,"Apparent power on phase A: phase-to-neutral voltage times phase current."
511,Apparent Power Phase B,APPARENT_POWER_B,kVA,SAMPLE,NAME,"Apparent power on phase B: phase-to-neutral voltage times phase current."
512,Apparent Power Phase C,APPARENT_POWER_C,kVA,SAMPLE,NAME,"Apparent power on phase C: phase-to-neutral voltage times phase current."
526,Frequency,FREQUENCY,Hz,SAMPLE,DATA,"Supply frequency; nominal 50 Hz. Zero means the meter saw no voltage, not that the frequency was zero."
530,Apparent Power,APPARENT_POWER,kVA,SAMPLE,DATA,"Total apparent power over the three phases. The loading figure: compare it with the board's rated_kva."
1056,100ms Current N,CURRENT_N,A,SAMPLE,NAME,"RMS current in the neutral conductor. High values relative to the phase currents point to unbalanced single-phase load or triplen harmonics (H3, H9, H15)."
1057,100ms Voltage A-B,VOLTAGE_AB,V,SAMPLE,DATA,"Line-to-line RMS voltage between phases A and B. About 400 V on LV boards and about 20000 V on the 20 kV meters."
1058,100ms Voltage B-C,VOLTAGE_BC,V,SAMPLE,DATA,"Line-to-line RMS voltage between phases B and C. About 400 V on LV boards and about 20000 V on the 20 kV meters."
1059,100ms Voltage C-A,VOLTAGE_CA,V,SAMPLE,DATA,"Line-to-line RMS voltage between phases C and A. About 400 V on LV boards and about 20000 V on the 20 kV meters."
1060,100ms Voltage A-N,VOLTAGE_AN,V,SAMPLE,DATA,"Phase-to-neutral RMS voltage on phase A. About 230 V on LV boards and about 11500 V on the 20 kV meters."
1061,100ms Voltage B-N,VOLTAGE_BN,V,SAMPLE,DATA,"Phase-to-neutral RMS voltage on phase B. About 230 V on LV boards and about 11500 V on the 20 kV meters."
1062,100ms Voltage C-N,VOLTAGE_CN,V,SAMPLE,DATA,"Phase-to-neutral RMS voltage on phase C. About 230 V on LV boards and about 11500 V on the 20 kV meters."
1072,100ms True Power Factor Total,PF_TOTAL,,SAMPLE,DATA,"True power factor over the three phases, as the meter reports it: only at metered nodes. Schneider meters encode it by quadrant on -2 to 2: 0 to 1 is lagging import as is, above 1 is leading import (true PF = 2 minus the value), below -1 is lagging export (true PF = value plus 2), -1 to 0 is leading export (true PF = minus the value), and exactly -2 appears at no load. The PV loggers (PLTSC, PLTSD) report a plain signed PF instead. For a node's power factor use the derived PF_TRUE."
1116,Voltage Unbalance L-L,VOLTAGE_UNBALANCE_LL,%,SAMPLE,NAME,"Line-to-line voltage unbalance as computed by the meter. A few percent at most on a healthy supply."
1117,Voltage Unbalance L-N,VOLTAGE_UNBALANCE_LN,%,SAMPLE,NAME,"Phase-to-neutral voltage unbalance as computed by the meter."
1118,THD Voltage L-L,THD_VOLTAGE_LL,%,SAMPLE,NAME,"Total harmonic distortion of the line-to-line voltage, percent of the fundamental. A supply-side quantity: an unmetered node experiences its feeder's value."
1119,THD Voltage L-N,THD_VOLTAGE_LN,%,SAMPLE,NAME,"Total harmonic distortion of the phase-to-neutral voltage, percent of the fundamental. A supply-side quantity: an unmetered node experiences its feeder's value."
1199,Current Unbalance A,CURRENT_UNBALANCE_A,%,SAMPLE,NAME,"Deviation of phase A current from the three-phase average, percent. Reads 200 when the current is too low to compute it; discard that value."
1200,Current Unbalance B,CURRENT_UNBALANCE_B,%,SAMPLE,NAME,"Deviation of phase B current from the three-phase average, percent. Reads 200 when the current is too low to compute it; discard that value."
1201,Current Unbalance C,CURRENT_UNBALANCE_C,%,SAMPLE,NAME,"Deviation of phase C current from the three-phase average, percent. Reads 200 when the current is too low to compute it; discard that value."
1202,Current Unbalance Worst,CURRENT_UNBALANCE_WORST,%,SAMPLE,NAME,"The largest of the three phase current unbalances, percent. Reads 200 when the current is too low to compute it; discard that value."
1203,Displacement Power Factor A,DPF_A,,SAMPLE,NAME,"Displacement power factor on phase A: the cosine of the angle between fundamental voltage and current, ignoring harmonics. Same -2 to 2 quadrant encoding as PF_TOTAL."
1204,Displacement Power Factor B,DPF_B,,SAMPLE,NAME,"Displacement power factor on phase B, ignoring harmonics. Same -2 to 2 quadrant encoding as PF_TOTAL."
1205,Displacement Power Factor C,DPF_C,,SAMPLE,NAME,"Displacement power factor on phase C, ignoring harmonics. Same -2 to 2 quadrant encoding as PF_TOTAL."
1206,Displacement Power Factor Total,DPF_TOTAL,,SAMPLE,NAME,"Displacement power factor over the three phases, ignoring harmonics. Higher than PF_TOTAL on a load with harmonic distortion; the gap is the harmonic share. Same -2 to 2 quadrant encoding as PF_TOTAL."
1306,H11 Current A Magnitude,H11_CURRENT_A,%,SAMPLE,DATA,"11th harmonic current on phase A, percent of the fundamental current, not amperes."
1308,H11 Current B Magnitude,H11_CURRENT_B,%,SAMPLE,DATA,"11th harmonic current on phase B, percent of the fundamental current, not amperes."
1310,H11 Current C Magnitude,H11_CURRENT_C,%,SAMPLE,DATA,"11th harmonic current on phase C, percent of the fundamental current, not amperes."
1346,H13 Current A Magnitude,H13_CURRENT_A,%,SAMPLE,DATA,"13th harmonic current on phase A, percent of the fundamental current, not amperes."
1348,H13 Current B Magnitude,H13_CURRENT_B,%,SAMPLE,DATA,"13th harmonic current on phase B, percent of the fundamental current, not amperes."
1350,H13 Current C Magnitude,H13_CURRENT_C,%,SAMPLE,DATA,"13th harmonic current on phase C, percent of the fundamental current, not amperes."
1386,H15 Current A Magnitude,H15_CURRENT_A,%,SAMPLE,DATA,"15th harmonic current on phase A, percent of the fundamental current, not amperes. A triplen harmonic: adds in the neutral."
1388,H15 Current B Magnitude,H15_CURRENT_B,%,SAMPLE,DATA,"15th harmonic current on phase B, percent of the fundamental current, not amperes. A triplen harmonic: adds in the neutral."
1390,H15 Current C Magnitude,H15_CURRENT_C,%,SAMPLE,DATA,"15th harmonic current on phase C, percent of the fundamental current, not amperes. A triplen harmonic: adds in the neutral."
1706,H3 Current A Magnitude,H3_CURRENT_A,%,SAMPLE,DATA,"3rd harmonic current on phase A, percent of the fundamental current, not amperes. A triplen harmonic: adds in the neutral; typical of single-phase electronic loads."
1708,H3 Current B Magnitude,H3_CURRENT_B,%,SAMPLE,DATA,"3rd harmonic current on phase B, percent of the fundamental current, not amperes. A triplen harmonic: adds in the neutral; typical of single-phase electronic loads."
1710,H3 Current C Magnitude,H3_CURRENT_C,%,SAMPLE,DATA,"3rd harmonic current on phase C, percent of the fundamental current, not amperes. A triplen harmonic: adds in the neutral; typical of single-phase electronic loads."
1786,H5 Current A Magnitude,H5_CURRENT_A,%,SAMPLE,DATA,"5th harmonic current on phase A, percent of the fundamental current, not amperes. Typical of six-pulse drives (VFDs)."
1788,H5 Current B Magnitude,H5_CURRENT_B,%,SAMPLE,DATA,"5th harmonic current on phase B, percent of the fundamental current, not amperes. Typical of six-pulse drives (VFDs)."
1790,H5 Current C Magnitude,H5_CURRENT_C,%,SAMPLE,DATA,"5th harmonic current on phase C, percent of the fundamental current, not amperes. Typical of six-pulse drives (VFDs)."
1826,H7 Current A Magnitude,H7_CURRENT_A,%,SAMPLE,DATA,"7th harmonic current on phase A, percent of the fundamental current, not amperes. Typical of six-pulse drives (VFDs)."
1828,H7 Current B Magnitude,H7_CURRENT_B,%,SAMPLE,DATA,"7th harmonic current on phase B, percent of the fundamental current, not amperes. Typical of six-pulse drives (VFDs)."
1830,H7 Current C Magnitude,H7_CURRENT_C,%,SAMPLE,DATA,"7th harmonic current on phase C, percent of the fundamental current, not amperes. Typical of six-pulse drives (VFDs)."
1866,H9 Current A Magnitude,H9_CURRENT_A,%,SAMPLE,DATA,"9th harmonic current on phase A, percent of the fundamental current, not amperes. A triplen harmonic: adds in the neutral."
1868,H9 Current B Magnitude,H9_CURRENT_B,%,SAMPLE,DATA,"9th harmonic current on phase B, percent of the fundamental current, not amperes. A triplen harmonic: adds in the neutral."
1870,H9 Current C Magnitude,H9_CURRENT_C,%,SAMPLE,DATA,"9th harmonic current on phase C, percent of the fundamental current, not amperes. A triplen harmonic: adds in the neutral."
2034,THD Voltage A-B,THD_VOLTAGE_AB,%,SAMPLE,NAME,"Total harmonic distortion of the A-B line-to-line voltage, percent of the fundamental."
2035,THD Voltage A-N,THD_VOLTAGE_AN,%,SAMPLE,NAME,"Total harmonic distortion of the phase A to neutral voltage, percent of the fundamental."
2036,THD Voltage B-C,THD_VOLTAGE_BC,%,SAMPLE,NAME,"Total harmonic distortion of the B-C line-to-line voltage, percent of the fundamental."
2037,THD Voltage B-N,THD_VOLTAGE_BN,%,SAMPLE,NAME,"Total harmonic distortion of the phase B to neutral voltage, percent of the fundamental."
2038,THD Voltage C-A,THD_VOLTAGE_CA,%,SAMPLE,NAME,"Total harmonic distortion of the C-A line-to-line voltage, percent of the fundamental."
2039,THD Voltage C-N,THD_VOLTAGE_CN,%,SAMPLE,NAME,"Total harmonic distortion of the phase C to neutral voltage, percent of the fundamental."
2048,Voltage Unbalance A-B,VOLTAGE_UNBALANCE_AB,%,SAMPLE,NAME,"Deviation of the A-B voltage from the line-to-line average, percent."
2049,Voltage Unbalance A-N,VOLTAGE_UNBALANCE_AN,%,SAMPLE,NAME,"Deviation of the A-N voltage from the phase-to-neutral average, percent."
2050,Voltage Unbalance B-C,VOLTAGE_UNBALANCE_BC,%,SAMPLE,NAME,"Deviation of the B-C voltage from the line-to-line average, percent."
2051,Voltage Unbalance B-N,VOLTAGE_UNBALANCE_BN,%,SAMPLE,NAME,"Deviation of the B-N voltage from the phase-to-neutral average, percent."
2052,Voltage Unbalance C-A,VOLTAGE_UNBALANCE_CA,%,SAMPLE,NAME,"Deviation of the C-A voltage from the line-to-line average, percent."
2053,Voltage Unbalance C-N,VOLTAGE_UNBALANCE_CN,%,SAMPLE,NAME,"Deviation of the C-N voltage from the phase-to-neutral average, percent."
2054,Voltage Unbalance L-L Worst,VOLTAGE_UNBALANCE_LL_WORST,%,SAMPLE,NAME,"The largest of the three line-to-line voltage unbalances, percent."
2055,Voltage Unbalance L-N Worst,VOLTAGE_UNBALANCE_LN_WORST,%,SAMPLE,NAME,"The largest of the three phase-to-neutral voltage unbalances, percent."
2097,THD RMS Current A,THD_CURRENT_A,%,SAMPLE,DATA,"Total harmonic distortion of the phase A current, percent of the fundamental. The name says RMS current but the value is a percentage. Reads 1000 when the current is too low to compute it; discard that value. Combines across feeders as root-sum-square, not a sum."
2098,THD RMS Current B,THD_CURRENT_B,%,SAMPLE,DATA,"Total harmonic distortion of the phase B current, percent of the fundamental, not amperes. Reads 1000 when the current is too low to compute it; discard that value."
2099,THD RMS Current C,THD_CURRENT_C,%,SAMPLE,DATA,"Total harmonic distortion of the phase C current, percent of the fundamental, not amperes. Reads 1000 when the current is too low to compute it; discard that value."
2100,THD RMS Current N,THD_CURRENT_N,%,SAMPLE,NAME,"Total harmonic distortion of the neutral current, percent of its fundamental. Large values are normal when the neutral carries little fundamental current."
3324,100ms Current Avg,CURRENT_AVG,A,SAMPLE,NAME,"Average RMS current of the three phases."
3325,100ms Power Factor A,PF_A,,SAMPLE,NAME,"True power factor on phase A, as the meter reports it. Same -2 to 2 quadrant encoding as PF_TOTAL."
3326,100ms Power Factor B,PF_B,,SAMPLE,NAME,"True power factor on phase B, as the meter reports it. Same -2 to 2 quadrant encoding as PF_TOTAL."
3327,100ms Power Factor C,PF_C,,SAMPLE,NAME,"True power factor on phase C, as the meter reports it. Same -2 to 2 quadrant encoding as PF_TOTAL."
3331,100ms Voltage L-L Avg,VOLTAGE_LL_AVG,V,SAMPLE,DATA,"Average of the three line-to-line RMS voltages. About 400 V on LV boards and about 20000 V on the 20 kV meters."
3332,100ms Voltage L-N Avg,VOLTAGE_LN_AVG,V,SAMPLE,DATA,"Average of the three phase-to-neutral RMS voltages. About 230 V on LV boards and about 11500 V on the 20 kV meters."
3787,Water Volume Flow Rate (m^3/h),WATER_FLOW_RATE,m3/h,SAMPLE,DATA,"Instantaneous water flow through the metered pipe. A rate: never sum it over time; use WATER_VOLUME for how much water passed. Small negative values are meter noise at zero flow."
3923,Water Temperature Supply (deg C),WATER_TEMPERATURE_SUPPLY,°C,SAMPLE,NAME,"Water temperature on the supply side of the meter."
3937,Water Temperature Return (deg C),WATER_TEMPERATURE_RETURN,°C,SAMPLE,NAME,"Water temperature on the return side of the meter."
5696,Water Volume Supply (m^3),WATER_VOLUME,m3,COUNTER,DATA,"Lifetime water volume through the metered pipe. Conserved: the flow solver sums it through the water network. Volume over a period is the counter's increase, with overflow and resets handled by telemetry_intervals_water. A counter that is negative or does not move points to a faulty meter, not to zero flow."
5932,Compressed Air Norm Volume (m^3),AIR_VOLUME,Nm3,COUNTER,NAME,"Lifetime compressed air volume at normal reference conditions as set in the meter. No meter reports it yet; it is here because its flow rule exists (migration 023)."
